noise_px,method,pos_mean_m,pos_mean_std,pos_median_m,pos_median_std,att_mean_deg,att_mean_std,att_median_deg,att_median_std,runtime_ms_per_step,gate_rate_pct
0,Classifier only,7.04844,0,7.51827,8.88178e-16,5.02933,0,4.96056,0,0.051,
0,Paper's particle filter,4.90623,1.14285,4.6824,1.3762,5.19056,0.552731,4.64413,0.670564,8.857,
0,PnP only (SQPnP),3.05079e-12,0,2.06652e-12,0,5.95194e-12,8.07794e-28,4.33197e-12,0,0.074,
0,Classifier + PnP,1.08492e-07,0,1.01833e-10,1.29247e-26,3.51682e-07,0,2.62864e-10,0,0.213,
0,Hybrid PnP,2.87036e-12,0,1.72291e-12,0,5.59179e-12,0,3.6048e-12,4.03897e-28,0.286,
0,Improved particle filter,0.57768,0.133427,0.578803,0.130087,0.497346,0.221173,0.45885,0.248433,2.118,
0,Kalman filter (Phase 5),7.02967e-06,0,2.22768e-12,0,0.0017324,2.1684e-19,0.00193094,2.1684e-19,0.329,0.00
0,Range-calibrated Kalman filter,3.15296e-06,0,2.09447e-12,0,0.0017324,0,0.00193094,0,0.334,0.00
1,Classifier only,7.1945,0.0518279,7.63711,0.120319,5.13528,0.0691667,4.96056,0,0.051,
1,Paper's particle filter,6.76591,0.830993,6.46898,0.969456,5.89784,0.256973,5.17511,0.515857,8.691,
1,PnP only (SQPnP),0.435928,0.0205783,0.317255,0.0116042,0.74802,0.0404041,0.723127,0.052971,0.082,
1,Classifier + PnP,0.433224,0.0192447,0.313003,0.0110063,0.742846,0.0407229,0.720674,0.0683099,0.225,
1,Hybrid PnP,0.433224,0.0192447,0.313003,0.0110063,0.742846,0.0407229,0.720674,0.0683099,0.302,
1,Improved particle filter,0.754643,0.12582,0.699116,0.133368,1.09589,0.193765,1.06492,0.189322,2.120,
1,Kalman filter (Phase 5),0.232061,0.0401088,0.155369,0.0358249,0.749758,0.0494835,0.703161,0.0525026,0.341,2.20
1,Range-calibrated Kalman filter,0.228396,0.025956,0.162789,0.0306918,0.760807,0.0331651,0.724032,0.0593041,0.343,0.40
2,Classifier only,7.26331,0.10746,7.48758,0.217791,5.23931,0.124341,4.98145,0.0417821,0.051,
2,Paper's particle filter,6.3457,1.03005,6.0674,1.28721,6.1965,0.195961,5.63703,0.327117,8.528,
2,PnP only (SQPnP),0.892933,0.0506447,0.63762,0.0536688,1.4965,0.0797067,1.45407,0.100385,0.094,
2,Classifier + PnP,0.867118,0.0383174,0.63115,0.0270831,1.4858,0.0813514,1.43914,0.136576,0.223,
2,Hybrid PnP,0.867118,0.0383174,0.63115,0.0270831,1.4858,0.0813514,1.43914,0.136576,0.307,
2,Improved particle filter,1.17938,0.228147,1.05464,0.232473,1.55793,0.16111,1.4671,0.169644,2.134,
2,Kalman filter (Phase 5),0.433488,0.0838107,0.297314,0.0482232,1.50468,0.0895709,1.43413,0.109516,0.346,2.40
2,Range-calibrated Kalman filter,0.432794,0.0506587,0.299307,0.0580592,1.53265,0.0643255,1.50446,0.0870386,0.353,0.40
5,Classifier only,8.08175,0.226599,7.85515,0.142522,5.77256,0.185711,5.18749,0.148409,0.050,
5,Paper's particle filter,7.91291,0.425498,7.70113,0.568006,7.45184,0.461404,7.12326,0.662895,8.549,
5,PnP only (SQPnP),2.7612,0.139231,1.94269,0.240952,4.35294,0.634444,3.66225,0.245829,0.096,
5,Classifier + PnP,2.1721,0.0962717,1.60332,0.0953556,3.71644,0.203038,3.55553,0.32451,0.222,
5,Hybrid PnP,2.1721,0.0962717,1.60332,0.0953556,3.71644,0.203038,3.55553,0.32451,0.327,
5,Improved particle filter,2.1346,0.377406,1.76323,0.385152,3.07964,0.303705,2.87987,0.378866,2.138,
5,Kalman filter (Phase 5),1.07443,0.22076,0.817877,0.201861,3.66584,0.274145,3.70439,0.195529,0.353,3.20
5,Range-calibrated Kalman filter,1.02754,0.142891,0.728446,0.16264,3.66161,0.189492,3.72352,0.267951,0.357,0.80
