noise_px,method,pos_in_outage_m,pos_in_outage_std,att_in_outage_deg,att_in_outage_std,pos_after_m,pos_after_std,att_after_deg,att_after_std
0,Classifier only,,,,,5.65813,0,4.85393,0
0,Paper's particle filter,9.42347,0.752513,10.4994,0.556339,6.53565,0.917786,9.02365,0.849421
0,PnP only (SQPnP),,,,,2.00357e-12,0,4.09025e-12,0
0,Classifier + PnP,,,,,1.01757e-07,0,5.00557e-07,0
0,Hybrid PnP,,,,,2.00357e-12,0,4.09025e-12,0
0,Improved particle filter,2.69566,1.18622,5.97412,0.0570712,0.945578,0.364299,1.24753,0.40621
0,Kalman filter (Phase 5),2.2951e-11,0,4.1034,0,1.7863e-12,0,0.00125133,0
0,Range-calibrated Kalman filter,2.86131e-11,0,4.1034,0,1.8036e-12,0,0.00125133,0
1,Classifier only,,,,,5.82917,0.14533,4.85227,0.00332704
1,Paper's particle filter,9.08879,0.641952,10.4485,1.0118,7.64102,1.44166,8.4195,1.46566
1,PnP only (SQPnP),,,,,0.397653,0.0505507,0.725583,0.0836146
1,Classifier + PnP,,,,,0.418307,0.0607509,0.724104,0.0849424
1,Hybrid PnP,,,,,0.418307,0.0607509,0.724104,0.0849424
1,Improved particle filter,3.68409,0.255301,6.16404,0.247056,1.41484,0.110836,1.96469,0.423737
1,Kalman filter (Phase 5),0.478483,0.216662,8.67211,0.68922,0.748732,0.353642,28.3363,2.77895
1,Range-calibrated Kalman filter,0.439837,0.191232,9.13401,0.478543,0.359757,0.0707568,4.7766,0.267971
2,Classifier only,,,,,5.82917,0.14533,4.85227,0.00332704
2,Paper's particle filter,9.24469,0.64018,10.4564,0.733321,8.93235,1.54866,9.58297,1.16043
2,PnP only (SQPnP),,,,,0.764068,0.0682567,1.45149,0.163352
2,Classifier + PnP,,,,,0.837268,0.121326,1.45107,0.168801
2,Hybrid PnP,,,,,0.837268,0.121326,1.45107,0.168801
2,Improved particle filter,3.17411,0.957166,6.36727,0.304878,1.54303,0.455562,2.10338,0.579702
2,Kalman filter (Phase 5),0.817506,0.349171,11.505,0.603668,1.24394,0.525788,35.0834,1.41775
2,Range-calibrated Kalman filter,0.732506,0.300343,12.1266,0.492737,0.609856,0.137082,6.21147,0.296111
5,Classifier only,,,,,7.80118,0.707518,5.19767,0.308731
5,Paper's particle filter,9.33252,0.84168,12.1661,0.479861,10.2955,2.25039,10.557,0.553022
5,PnP only (SQPnP),,,,,1.84264,0.227639,3.63075,0.37405
5,Classifier + PnP,,,,,2.096,0.303266,3.65141,0.414901
5,Hybrid PnP,,,,,2.096,0.303266,3.65141,0.414901
5,Improved particle filter,2.94659,1.12817,6.5661,0.331373,3.07408,1.19654,3.74824,0.513057
5,Kalman filter (Phase 5),2.20083,0.572055,16.2401,1.15756,3.02623,0.776242,45.5907,2.61736
5,Range-calibrated Kalman filter,1.63367,0.681368,16.444,0.97865,1.3333,0.369112,8.89087,0.502327
